{
  "custom_trains": {
  	"m_train_railwayvision": {
      "name": "M Train (Railway Vision)",
      "color": "94989A",
      "base_train_type": "m_train",
      "texture_id": "mtr:custom_directory/m_train_railwayvision.png"
	},
	"m_train_railwayvision_mini": {
      "name": "M Train (Railway Vision, Mini)",
      "color": "94989A",
      "base_train_type": "m_train_mini",
      "texture_id": "mtr:custom_directory/m_train_railwayvision.png"
	},
	"mlr_unofficial": {
      "name": "M Train MLR",
      "color": "61B4E4",
      "base_train_type": "m_train",
      "texture_id": "mtr:custom_directory/m_train_mlr.png"
	},
	"mlr_unofficial_mini": {
      "name": "M Train MLR (Mini)",
      "color": "61B4E4",
      "base_train_type": "m_train_mini",
      "texture_id": "mtr:custom_directory/m_train_mlr.png"
	},
   "kcrsp1900": {
      "name": "KCR Millennium Train (5-Door)",
      "color": "B6008D",
      "base_train_type": "sp1900",
      "texture_id": "mtr:custom_directory/kcr_sp1900.png"
    },
    "kcrsp1900_mini": {
      "name": "KCR Millennium Train (2-Door)",
      "color": "B6008D",
      "base_train_type": "sp1900_mini",
      "texture_id": "mtr:custom_directory/kcr_sp1900.png"
    },
    "drl_m_train5door": {
      "name": "DRL M Train (5-Door)",
      "color": "E777CB",
      "base_train_type": "m_train",
      "texture_id": "mtr:custom_directory/m_train_drl.png"
    },
    "drl_m_train_2door": {
      "name": "DRL M Train (2-Door)",
      "color": "E777CB",
      "base_train_type": "m_train_mini",
      "texture_id": "mtr:custom_directory/m_train_drl.png"
    },
	"m_train_hertiage": {
      "name": "M Train Heritage",
      "color": "94989A",
      "base_train_type": "m_train",
      "texture_id": "mtr:custom_directory/m_train_heritage.png"
	  },
	"m_train_hertiage_mini": {
      "name": "M Train Heritage (Mini)",
      "color": "94989A",
      "base_train_type": "m_train_mini",
      "texture_id": "mtr:custom_directory/m_train_heritage.png"
	  },
	"drl_b_train5door": {
      "name": "DRL B Train (5-Door)",
      "color": "F800BB",
      "base_train_type": "m_train",
      "texture_id": "mtr:custom_directory/drl_additional_train.png"
	  },
	"drl_b_train2door": {
      "name": "DRL B Train (2-Door)",
      "color": "F800BB",
      "base_train_type": "m_train_mini",
      "texture_id": "mtr:custom_directory/drl_additional_train.png"
	  },
	 "drl_b_train5door_drm": {
      "name": "DRL B Train (5-Door, Electronic Display)",
      "color": "F800BB",
      "base_train_type": "m_train",
      "texture_id": "mtr:custom_directory/drl_additional_train_dynamicroutemap.png"
	  },
	"drl_b_train2door_drm": {
      "name": "DRL B Train (2-Door, Electronic Display)",
      "color": "F800BB",
      "base_train_type": "m_train_mini",
      "texture_id": "mtr:custom_directory/drl_additional_train_dynamicroutemap.png"
	  }
	},
  "custom_signs": {
    "t_kcr_sign": {
      "texture_id": "mtr:custom_directory/kcr_logo.png",
      "flip_texture": false,
      "custom_text": "九廣鐵路|Kowloon Canton Railway",
      "flip_custom_text": false,
      "small": true,
      "background_color": "000000"
	  },
	"t_kcr_icon": {
      "texture_id": "mtr:custom_directory/kcr_logo.png",
      "flip_texture": false,
      "custom_text": "",
      "flip_custom_text": false,
      "small": true,
      "background_color": "000000"
	  },
    "t_kcr_sign_flipped": {
      "texture_id": "mtr:custom_directory/kcr_logo.png",
      "flip_texture": false,
      "custom_text": "九廣鐵路|Kowloon Canton Railway",
      "flip_custom_text": true,
      "small": true,
      "background_color": "000000"
	  },
	"disneyland_icon": {
		"texture_id": "mtr:custom_directory/drl_icon.png",
		"small": true
	  },
	"disneyland_sign": {
		"texture_id": "mtr:custom_directory/drl_icon.png",
		"flip_texture": false,
		"custom_text": "往迪士尼列車|Trains to Disneyland",
		"flip_custom_text": false,
		"small": true
	  },
	"disneyland_sign_flipped": {
		"texture_id": "mtr:custom_directory/drl_icon.png",
		"flip_texture": false,
		"custom_text": "往迪士尼列車|Trains to Disneyland",
		"flip_custom_text": true,
		"small": true
	  },
	"keihan5000": {
			"name": "京阪5000系",
			"color": "00544C",
			"base_train_type": "m_train",
			"texture_id": "mtr:custom_directory/kh.png"
	 },
	"keihan5000m": {
			"name": "京阪5000系（ミニ）",
			"color": "00544C",
			"base_train_type": "m_train_mini",
			"texture_id": "mtr:custom_directory/kh.png"
	 },
  "gzmtr_a1": {
    "name": "广州地铁列车 A1",
    "base_train_type": "base_24_2",
    "color": "FCD015",
    "texture_id": "mtr:custom_directory/gzmtr_a1",
    "speed_sound_count": 0,
    "has_gangway_connection": true,
    "model": "mtr:custom_directory/gzmtr_a1.bbmodel",
    "model_properties": "mtr:custom_directory/gzmtr_a1.json"
   }
  }
}